"username","password"
"JohnDoe123","2d979f9d3ddb718828c92acbf0a444cbb6d3353fbd8cb572de5d5cfe5e4d9a49"
"SarahSmith45","a84126f5ba9f91247864d0e1bc880fc8eecf4fe4873f63e07c66789b9387d262"
"MikeWaves88","1074ebc85d097bbb76cff9c1a5a6bd570d0cc7d0e11c849d0d7871a33bb9d87a"
"EmilyRider7","c0a9918b1cf35524138564978eabe0346395039de7b7dfa481fca059550b45a4"
"ChrisAdventure9","a77f46da79b3c79d410c9408b141a2faca5535a1c252ad03761afa033869eeb0"
"JessicaLove21","edf50714316c6daa7470102cbc3962a3c4424b1cf3f8f91f6a652a61aaf07dd3"
"AlexExplorer99","d4c2ad7df1f1f233d4278da2fca4477bfeec0e7c5b3aa9ab59b7103aa3f5e86c"
"KateSunshine3","562915f9a8895a0a00b4214e5c62c43780298bcf5fc2386727b05dcd66e82252"
"DavidCool56","ae62a69ade96e0fc6f0976531ff7409b5559a87b41737d9ee1707a12bc733f61"
"LilyStar2022","633755936ea2d508cccb80e5289d44231307cdc9ce9816b99fca9b3ae481d13c"
"SamTheTraveler88","866f1ade21542c6aa8925417dc9acfde6c2c530e1ba93e906f592a95b0dc18b4"
"AnnaJoy92","20c5423a8c91b50819b38d05cc123be240cbcded3e50cfc1934a723a01a4500f"
"TomSparks75","a748b38b7b73f153b22978eec47efab6ada3c89fbbc44129f7468b57e1c268d7"
"RachelWander9","78bec064338d340a70f135560503d23b26134bc27fa2297db73fb62738dc7e2c"
"MaxPhoenix01","7832e5b04e0f1dc9229af8bfe9b3b3cdcae2c952da6a5f97b77e2c9663d8b59b"
"MiaRose23","17ed1019f70063cb3e388677cdc501a0ba94ac1b8275127bd046f852895a7bd4"
"NickQuest5","aa6c55362e51ebe6deabd18c30ed716b1d890abdecd3805d771c41501f3cb5dd"
"ZoeDreamer44","3c16a15ec0221d861e21a83bb280b749da434fe60edd803db74b1679e623c641"
"BenVoyager16","a3709c6bcc6309a3281103866d8f41da45515a08fa4f8c701383bf7c7a7aa323"
"ClaraShine11","06d4dc41eac28e19f1f2e186ba6a181bb8a17c53cda26d2320b97a03a55fe136"
